{"fond-very": NaN, "drug-like": 0.84126984126984128, "like-a": 0.92519987620929312, "drug-a": 0.92266056480867409, "slightly-rather": NaN, "slightly-dislike": 0.9, "am-rather": 0.9301587301587302, "quite-dislike": 0.9, "quite-very": NaN, "slightly-very": NaN, "quite-rather": 0.0, "am-very": 0.9301587301587302, "quite-ostrich": 0.8888888888888888, "am-ostrich": 0.9251907814407815, "am-dislike": 0.9181734931734932, "fond-ostrich": 0.8888888888888888, "bird-very": 0.9252106227106227, "drug-lot": 0.88507702614845474, "like-lot": 0.8960701879819527, "like-drug": 0.84126984126984128, "fond-rather": NaN, "bird-ostrich": 0.9017691964120536, "fond-dislike": 0.9, "bird-dislike": 0.9235359878217021, "bird-rather": 0.9252106227106227, "slightly-ostrich": 0.8888888888888888}