{"fond-very": NaN, "like-a": 0.9251998762092931, "idea-store": 0.91747745443888373, "green-store": 0.92190090812909564, "drug-a": 0.9226605648086741, "slightly-rather": NaN, "slightly-dislike": 0.9, "am-rather": 0.9301587301587302, "quite-dislike": 0.9, "sleep-like": 0.87303215303215309, "quite-very": NaN, "slightly-very": NaN, "sleep-store": 0.90701507661094127, "quite-rather": 0.0, "am-very": 0.9301587301587302, "idea-like": 0.87388748817320239, "quite-ostrich": 0.8888888888888888, "am-ostrich": 0.9251907814407815, "am-dislike": 0.9181734931734932, "fond-ostrich": 0.8888888888888888, "green-drug": 0.90809969351636011, "bird-very": 0.9252106227106227, "drug-lot": 0.8850770261484547, "green-like": 0.91920179312336181, "drug-like": 0.8412698412698413, "like-drug": 0.8412698412698413, "fond-rather": NaN, "like-store": 0.9147717332547054, "like-lot": 0.8960701879819527, "bird-ostrich": 0.9017691964120536, "idea-drug": 0.89314093314093324, "sleep-drug": 0.86404040404040405, "drug-store": 0.9151138262322472, "fond-dislike": 0.9, "bird-dislike": 0.9235359878217021, "bird-rather": 0.9252106227106227, "slightly-ostrich": 0.8888888888888888}