{"fond-very": NaN, "like-a": 0.9251998762092931, "green-store": 0.9219009081290956, "like-drug": 0.8412698412698413, "drug-a": 0.9226605648086741, "slightly-rather": NaN, "slightly-dislike": 0.9, "am-rather": 0.9301587301587302, "quite-dislike": 0.9, "fond-dislike": 0.9, "quite-very": NaN, "slightly-ostrich": 0.8888888888888888, "slightly-very": NaN, "sleep-store": 0.9070150766109413, "quite-rather": 0.0, "am-very": 0.9301587301587302, "green-drug": 0.9080996935163601, "quite-ostrich": 0.8888888888888888, "am-ostrich": 0.9251907814407815, "am-dislike": 0.9181734931734932, "idea-like": 0.8738874881732024, "like-lot": 0.8960701879819527, "drug-lot": 0.8850770261484547, "green-like": 0.9192017931233618, "drug-like": 0.8412698412698413, "fond-ostrich": 0.8888888888888888, "like-store": 0.9147717332547054, "fond-rather": NaN, "bird-ostrich": 0.9017691964120536, "idea-drug": 0.8931409331409332, "sleep-drug": 0.864040404040404, "drug-store": 0.9151138262322472, "sleep-like": 0.8730321530321531, "bird-dislike": 0.9235359878217021, "idea-store": 0.9174774544388837, "bird-very": 0.9252106227106227, "bird-rather": 0.9252106227106227}