{"drug-green": 0.9080996935163601, "like-green": 0.9192017931233618, "green-like": 0.9192017931233618, "sleep-like": 0.8730321530321531, "idea-like": 0.8738874881732024, "green-drug": 0.9080996935163601, "green-store": 0.9219009081290956, "like-idea": 0.8738874881732024, "store-idea": 0.9174774544388837, "idea-drug": 0.8931409331409332, "sleep-store": 0.9070150766109413, "drug-idea": 0.8931409331409332, "drug-sleep": 0.864040404040404, "store-sleep": 0.9070150766109413, "idea-store": 0.9174774544388837, "sleep-drug": 0.864040404040404, "store-green": 0.9219009081290956, "like-sleep": 0.8730321530321531}