{"like-dog": 16.285714285714285, "drinking-dog": 14.285714285714286, "dog-rum": 13.714285714285714, "rum-dog": 13.714285714285714, "like-drinking": 15.0, "like-rum": 15.0, "drinking-rum": 13.0, "rum-like": 15.0, "dog-drinking": 14.285714285714286, "drinking-like": 15.0, "dog-like": 16.285714285714285, "rum-drinking": 13.0}